-- Insert 100 student records
INSERT INTO students (id, first_name, last_name, email, city)
VALUES
(1, 'john', 'doe', 'john.doe@student.telkomuniversity.ac.id', 'bandung'),
(2, 'jane', 'smith', 'jane.smith@student.telkomuniversity.ac.id', 'jakarta'),
(3, 'alice', 'johnson', 'alice.j@student.telkomuniversity.ac.id', 'bandung'),
(4, 'bob', 'brown', 'bob.brown@student.telkomuniversity.ac.id', 'surabaya'),
(5, 'charlie', 'davis', 'charlie.d@student.telkomuniversity.ac.id', 'bandung'),
(6, 'david', 'wilson', 'david.w@student.telkomuniversity.ac.id', 'jakarta'),
(7, 'eve', 'white', 'eve.white@student.telkomuniversity.ac.id', 'bandung'),
(8, 'frank', 'green', 'frank.g@student.telkomuniversity.ac.id', 'bandung'),
(9, 'grace', 'hall', 'grace.h@student.telkomuniversity.ac.id', 'jakarta'),
(10, 'hank', 'moore', 'hank.m@student.telkomuniversity.ac.id', 'surabaya'),
(11, 'ivy', 'taylor', 'ivy.t@student.telkomuniversity.ac.id', 'bandung'),
(12, 'jack', 'thompson', 'jack.t@student.telkomuniversity.ac.id', 'jakarta'),
(13, 'kathy', 'anderson', 'kathy.a@student.telkomuniversity.ac.id', 'bandung'),
(14, 'leo', 'martin', 'leo.m@student.telkomuniversity.ac.id', 'surabaya'),
(15, 'mona', 'lee', 'mona.l@student.telkomuniversity.ac.id', 'bandung'),
(16, 'nina', 'white', 'nina.w@student.telkomuniversity.ac.id', 'jakarta'),
(17, 'oliver', 'harris', 'oliver.h@student.telkomuniversity.ac.id', 'bandung'),
(18, 'paul', 'clark', 'paul.c@student.telkomuniversity.ac.id', 'bandung'),
(19, 'quinn', 'robinson', 'quinn.r@student.telkomuniversity.ac.id', 'jakarta'),
(20, 'rose', 'king', 'rose.k@student.telkomuniversity.ac.id', 'bandung'),
(21, 'sara', 'wright', 'sara.w@student.telkomuniversity.ac.id', 'surabaya'),
(22, 'tom', 'young', 'tom.y@student.telkomuniversity.ac.id', 'bandung'),
(23, 'uma', 'scott', 'uma.s@student.telkomuniversity.ac.id', 'jakarta'),
(24, 'vicky', 'adams', 'vicky.a@student.telkomuniversity.ac.id', 'bandung'),
(25, 'will', 'baker', 'will.b@student.telkomuniversity.ac.id', 'surabaya'),
(26, 'xena', 'nelson', 'xena.n@student.telkomuniversity.ac.id', 'bandung'),
(27, 'yara', 'carter', 'yara.c@student.telkomuniversity.ac.id', 'jakarta'),
(28, 'zane', 'mitchell', 'zane.m@student.telkomuniversity.ac.id', 'bandung'),
(29, 'aiden', 'collins', 'aiden.c@student.telkomuniversity.ac.id', 'surabaya'),
(30, 'belle', 'cooper', 'belle.c@student.telkomuniversity.ac.id', 'bandung'),
(31, 'chris', 'morris', 'chris.m@student.telkomuniversity.ac.id', 'jakarta'),
(32, 'diane', 'rogers', 'diane.r@student.telkomuniversity.ac.id', 'bandung'),
(33, 'ella', 'reed', 'ella.r@student.telkomuniversity.ac.id', 'surabaya'),
(34, 'frankie', 'cook', 'frankie.c@student.telkomuniversity.ac.id', 'bandung'),
(35, 'gwen', 'perry', 'gwen.p@student.telkomuniversity.ac.id', 'jakarta'),
(36, 'hugo', 'bell', 'hugo.b@student.telkomuniversity.ac.id', 'bandung'),
(37, 'isla', 'morris', 'isla.m@student.telkomuniversity.ac.id', 'surabaya'),
(38, 'jackie', 'james', 'jackie.j@student.telkomuniversity.ac.id', 'bandung'),
(39, 'kelly', 'fernandez', 'kelly.f@student.telkomuniversity.ac.id', 'jakarta'),
(40, 'liam', 'jenkins', 'liam.j@student.telkomuniversity.ac.id', 'bandung'),
(41, 'mike', 'tucker', 'mike.t@student.telkomuniversity.ac.id', 'surabaya'),
(42, 'nora', 'foster', 'nora.f@student.telkomuniversity.ac.id', 'bandung'),
(43, 'oscar', 'spencer', 'oscar.s@student.telkomuniversity.ac.id', 'jakarta'),
(44, 'paige', 'butler', 'paige.b@student.telkomuniversity.ac.id', 'bandung'),
(45, 'quincy', 'bennett', 'quincy.b@student.telkomuniversity.ac.id', 'surabaya'),
(46, 'rachel', 'hayes', 'rachel.h@student.telkomuniversity.ac.id', 'bandung'),
(47, 'sam', 'cunningham', 'sam.c@student.telkomuniversity.ac.id', 'jakarta'),
(48, 'tina', 'fletcher', 'tina.f@student.telkomuniversity.ac.id', 'bandung'),
(49, 'uma', 'harmon', 'uma.h@student.telkomuniversity.ac.id', 'surabaya'),
(50, 'vince', 'watson', 'vince.w@student.telkomuniversity.ac.id', 'bandung'),
(51, 'winnie', 'dixon', 'winnie.d@student.telkomuniversity.ac.id', 'jakarta'),
(52, 'xander', 'palmer', 'xander.p@student.telkomuniversity.ac.id', 'bandung'),
(53, 'yasmine', 'wade', 'yasmine.w@student.telkomuniversity.ac.id', 'surabaya'),
(54, 'zoe', 'mason', 'zoe.m@student.telkomuniversity.ac.id', 'bandung'),
(55, 'aaron', 'cameron', 'aaron.c@student.telkomuniversity.ac.id', 'jakarta'),
(56, 'brianna', 'gordon', 'brianna.g@student.telkomuniversity.ac.id', 'bandung'),
(57, 'colin', 'simmons', 'colin.s@student.telkomuniversity.ac.id', 'surabaya'),
(58, 'danielle', 'fowler', 'danielle.f@student.telkomuniversity.ac.id', 'bandung'),
(59, 'edward', 'reese', 'edward.r@student.telkomuniversity.ac.id', 'jakarta'),
(60, 'felicia', 'fuller', 'felicia.f@student.telkomuniversity.ac.id', 'bandung'),
(61, 'george', 'payne', 'george.p@student.telkomuniversity.ac.id', 'surabaya'),
(62, 'hannah', 'harper', 'hannah.h@student.telkomuniversity.ac.id', 'bandung'),
(63, 'ian', 'watts', 'ian.w@student.telkomuniversity.ac.id', 'jakarta'),
(64, 'julia', 'murphy', 'julia.m@student.telkomuniversity.ac.id', 'bandung'),
(65, 'kurt', 'norris', 'kurt.n@student.telkomuniversity.ac.id', 'surabaya'),
(66, 'lila', 'dunn', 'lila.d@student.telkomuniversity.ac.id', 'bandung'),
(67, 'matt', 'stevens', 'matt.s@student.telkomuniversity.ac.id', 'jakarta'),
(68, 'nina', 'fox', 'nina.f@student.telkomuniversity.ac.id', 'bandung'),
(69, 'otto', 'mccoy', 'otto.m@student.telkomuniversity.ac.id', 'surabaya'),
(70, 'penny', 'benson', 'penny.b@student.telkomuniversity.ac.id', 'bandung'),
(71, 'quinn', 'walter', 'quinn.w@student.telkomuniversity.ac.id', 'jakarta'),
(72, 'rory', 'castro', 'rory.c@student.telkomuniversity.ac.id', 'bandung'),
(73, 'sandy', 'todd', 'sandy.t@student.telkomuniversity.ac.id', 'surabaya'),
(74, 'tyler', 'murray', 'tyler.m@student.telkomuniversity.ac.id', 'bandung'),
(75, 'uma', 'quinn', 'uma.q@student.telkomuniversity.ac.id', 'jakarta'),
(76, 'vance', 'gordon', 'vance.g@student.telkomuniversity.ac.id', 'bandung'),
(77, 'wendy', 'fowler', 'wendy.f@student.telkomuniversity.ac.id', 'surabaya'),
(78, 'xena', 'ward', 'xena.w@student.telkomuniversity.ac.id', 'bandung'),
(79, 'yuli', 'carson', 'yuli.c@student.telkomuniversity.ac.id', 'jakarta'),
(80, 'zach', 'richards', 'zach.r@student.telkomuniversity.ac.id', 'bandung'),
(81, 'abigail', 'kelley', 'abigail.k@student.telkomuniversity.ac.id', 'surabaya'),
(82, 'ben', 'ford', 'ben.f@student.telkomuniversity.ac.id', 'bandung'),
(83, 'clara', 'miller', 'clara.m@student.telkomuniversity.ac.id', 'jakarta'),
(84, 'david', 'west', 'david.w@student.telkomuniversity.ac.id', 'bandung'),
(85, 'elle', 'carr', 'elle.c@student.telkomuniversity.ac.id', 'surabaya'),
(86, 'fran', 'higgins', 'fran.h@student.telkomuniversity.ac.id', 'bandung'),
(87, 'glen', 'stewart', 'glen.s@student.telkomuniversity.ac.id', 'jakarta'),
(88, 'harry', 'garcia', 'harry.g@student.telkomuniversity.ac.id', 'bandung'),
(89, 'ivy', 'alexander', 'ivy.a@student.telkomuniversity.ac.id', 'surabaya'),
(90, 'jack', 'jackson', 'jack.j@student.telkomuniversity.ac.id', 'bandung'),
(91, 'kevin', 'jackson', 'kevin.j@student.telkomuniversity.ac.id', 'jakarta'),
(92, 'laura', 'thompson', 'laura.t@student.telkomuniversity.ac.id', 'bandung'),
(93, 'mike', 'jones', 'mike.j@student.telkomuniversity.ac.id', 'surabaya'),
(94, 'nina', 'wagner', 'nina.w@student.telkomuniversity.ac.id', 'bandung'),
(95, 'olivia', 'bennett', 'olivia.b@student.telkomuniversity.ac.id', 'jakarta'),
(96, 'peter', 'kim', 'peter.k@student.telkomuniversity.ac.id', 'bandung'),
(97, 'quinn', 'rivera', 'quinn.r@student.telkomuniversity.ac.id', 'surabaya'),
(98, 'ryan', 'jennings', 'ryan.j@student.telkomuniversity.ac.id', 'bandung'),
(99, 'susan', 'harris', 'susan.h@student.telkomuniversity.ac.id', 'jakarta'),
(100,'troy', 'barnes', 'troy.b@student.telkomuniversity.ac.id', 'bandung');

-- Insert 100 course records
INSERT INTO courses (id, name, credits)
VALUES
('c1', 'introduction to cs', 3),
('c2', 'data structures', 4),
('c3', 'database systems', 3),
('c4', 'software engineering', 4),
('c5', 'operating systems', 3),
('c6', 'web development', 4),
('c7', 'machine learning', 4),
('c8', 'artificial intelligence', 4),
('c9', 'computer networks', 3),
('c10', 'programming languages', 4),
('c11', 'mobile application development', 3),
('c12', 'human-computer interaction', 3),
('c13', 'cybersecurity', 4),
('c14', 'cloud computing', 4),
('c15', 'big data', 3),
('c16', 'algorithm design', 4),
('c17', 'software testing', 3),
('c18', 'data mining', 4),
('c19', 'digital signal processing', 4),
('c20', 'cryptography', 4),
('c21', 'computational biology', 3),
('c22', 'business intelligence', 4),
('c23', 'network security', 4),
('c24', 'web design', 3),
('c25', 'information systems', 4),
('c26', 'e-commerce', 3),
('c27', 'digital marketing', 4),
('c28', 'project management', 3),
('c29', 'virtual reality', 4),
('c30', 'data visualization', 3),
('c31', 'game development', 4),
('c32', 'embedded systems', 4),
('c33', 'mobile security', 3),
('c34', 'robotics', 4),
('c35', 'data science', 4),
('c36', 'cloud security', 3),
('c37', 'software architecture', 4),
('c38', 'quantum computing', 4),
('c39', 'internet of things', 3),
('c40', 'ethical hacking', 4),
('c41', 'data analytics', 4),
('c42', 'knowledge management', 3),
('c43', 'IT management', 4),
('c44', 'information security', 4),
('c45', 'social media analytics', 3),
('c46', 'decision support systems', 4),
('c47', 'blockchain technology', 4),
('c48', 'data privacy', 3),
('c49', 'artificial neural networks', 4),
('c50', 'computer graphics', 4),
('c51', 'parallel computing', 3),
('c52', 'software metrics', 4),
('c53', 'database administration', 4),
('c54', 'business process management', 3),
('c55', 'IT auditing', 4),
('c56', 'digital forensics', 4),
('c57', 'user experience design', 3),
('c58', 'augmented reality', 4),
('c59', 'API development', 3),
('c60', 'multimedia systems', 4),
('c61', 'open source software', 4),
('c62', 'cloud architecture', 4),
('c63', 'data center management', 3),
('c64', 'smart city technology', 4),
('c65', 'disaster recovery planning', 3),
('c66', 'enterprise architecture', 4),
('c67', 'technology entrepreneurship', 4),
('c68', 'IT service management', 3),
('c69', 'supply chain management', 4),
('c70', 'data governance', 3),
('c71', 'service-oriented architecture', 4),
('c72', 'computer vision', 4),
('c73', 'information retrieval', 4),
('c74', 'semantic web technologies', 3),
('c75', 'cloud application development', 4),
('c76', 'cloud migration strategies', 3),
('c77', 'business analytics', 4),
('c78', 'mobile business applications', 4),
('c79', 'artificial intelligence in healthcare', 3),
('c80', 'sustainable IT practices', 4),
('c81', 'leadership in IT', 3),
('c82', 'digital transformation', 4),
('c83', 'IT compliance', 4),
('c84', 'network management', 3),
('c85', 'data architecture', 4),
('c86', 'API security', 4),
('c87', 'social network analysis', 3),
('c88', 'wearable technology', 4),
('c89', 'machine ethics', 4),
('c90', 'human factors in IT', 3),
('c91', 'affordable housing technology', 4),
('c92', 'technology for social good', 4),
('c93', 'regulatory frameworks in IT', 3),
('c94', 'disruptive technologies', 4),
('c95', 'IT policy', 4),
('c96', 'collaborative technologies', 3),
('c97', 'mobile user experience', 4),
('c98', 'advanced database systems', 4),
('c99', 'emerging technologies', 3),
('c100','digital project management', 4);

INSERT INTO enrollments (enrollment_id, student_id, course_id, enrollment_date) VALUES
(1, 1, 'c1', '2024-08-20'),
(2, 1, 'c2', '2024-08-21'),
(3, 1, 'c3', '2024-08-22'),
(4, 1, 'c4', '2024-08-23'),
(5, 1, 'c5', '2024-08-24'),
(6, 1, 'c6', '2024-08-25'),
(7, 1, 'c7', '2024-08-26'),
(8, 1, 'c8', '2024-08-27'),
(9, 1, 'c9', '2024-08-28'),
(10, 1, 'c10', '2024-08-29'),
(11, 2, 'c1', '2024-08-30'),
(12, 2, 'c2', '2024-08-31'),
(13, 2, 'c3', '2024-09-01'),
(14, 2, 'c4', '2024-09-02'),
(15, 2, 'c5', '2024-09-03'),
(16, 2, 'c6', '2024-09-04'),
(17, 2, 'c7', '2024-09-05'),
(18, 2, 'c8', '2024-09-06'),
(19, 2, 'c9', '2024-09-07'),
(20, 2, 'c10', '2024-09-08'),
(21, 3, 'c1', '2024-09-09'),
(22, 3, 'c2', '2024-09-10'),
(23, 3, 'c3', '2024-09-11'),
(24, 3, 'c4', '2024-09-12'),
(25, 3, 'c5', '2024-09-13'),
(26, 3, 'c6', '2024-09-14'),
(27, 3, 'c7', '2024-09-15'),
(28, 3, 'c8', '2024-09-16'),
(29, 3, 'c9', '2024-09-17'),
(30, 3, 'c10', '2024-09-18'),
(31, 4, 'c1', '2024-09-19'),
(32, 4, 'c2', '2024-09-20'),
(33, 4, 'c3', '2024-09-21'),
(34, 4, 'c4', '2024-09-22'),
(35, 4, 'c5', '2024-09-23'),
(36, 4, 'c6', '2024-09-24'),
(37, 4, 'c7', '2024-09-25'),
(38, 4, 'c8', '2024-09-26'),
(39, 4, 'c9', '2024-09-27'),
(40, 4, 'c10', '2024-09-28'),
(41, 5, 'c1', '2024-09-29'),
(42, 5, 'c2', '2024-09-30'),
(43, 5, 'c3', '2024-10-01'),
(44, 5, 'c4', '2024-10-02'),
(45, 5, 'c5', '2024-10-03'),
(46, 5, 'c6', '2024-10-04'),
(47, 5, 'c7', '2024-10-05'),
(48, 5, 'c8', '2024-10-06'),
(49, 5, 'c9', '2024-10-07'),
(50, 5, 'c10', '2024-10-08'),
(51, 6, 'c1', '2024-10-09'),
(52, 6, 'c2', '2024-10-10'),
(53, 6, 'c3', '2024-10-11'),
(54, 6, 'c4', '2024-10-12'),
(55, 6, 'c5', '2024-10-13'),
(56, 6, 'c6', '2024-10-14'),
(57, 6, 'c7', '2024-10-15'),
(58, 6, 'c8', '2024-10-16'),
(59, 6, 'c9', '2024-10-17'),
(60, 6, 'c10', '2024-10-18'),
(61, 7, 'c1', '2024-10-19'),
(62, 7, 'c2', '2024-10-20'),
(63, 7, 'c3', '2024-10-21'),
(64, 7, 'c4', '2024-10-22'),
(65, 7, 'c5', '2024-10-23'),
(66, 7, 'c6', '2024-10-24'),
(67, 7, 'c7', '2024-10-25'),
(68, 7, 'c8', '2024-10-26'),
(69, 7, 'c9', '2024-10-27'),
(70, 7, 'c10', '2024-10-28'),
(71, 8, 'c1', '2024-10-29'),
(72, 8, 'c2', '2024-10-30'),
(73, 8, 'c3', '2024-10-31'),
(74, 8, 'c4', '2024-11-01'),
(75, 8, 'c5', '2024-11-02'),
(76, 8, 'c6', '2024-11-03'),
(77, 8, 'c7', '2024-11-04'),
(78, 8, 'c8', '2024-11-05'),
(79, 8, 'c9', '2024-11-06'),
(80, 8, 'c10', '2024-11-07'),
(81, 9, 'c1', '2024-11-08'),
(82, 9, 'c2', '2024-11-09'),
(83, 9, 'c3', '2024-11-10'),
(84, 9, 'c4', '2024-11-11'),
(85, 9, 'c5', '2024-11-12'),
(86, 9, 'c6', '2024-11-13'),
(87, 9, 'c7', '2024-11-14'),
(88, 9, 'c8', '2024-11-15'),
(89, 9, 'c9', '2024-11-16'),
(90, 9, 'c10', '2024-11-17'),
(91, 10, 'c1', '2024-11-18'),
(92, 10, 'c2', '2024-11-19'),
(93, 10, 'c3', '2024-11-20'),
(94, 10, 'c4', '2024-11-21'),
(95, 10, 'c5', '2024-11-22'),
(96, 10, 'c6', '2024-11-23'),
(97, 10, 'c7', '2024-11-24'),
(98, 10, 'c8', '2024-11-25'),
(99, 10, 'c9', '2024-11-26'),
(100, 10, 'c10', '2024-11-27'),
(101, 11, 'c1', '2024-11-28'),
(102, 11, 'c2', '2024-11-29'),
(103, 11, 'c3', '2024-11-30'),
(104, 11, 'c4', '2024-12-01'),
(105, 11, 'c5', '2024-12-02'),
(106, 11, 'c6', '2024-12-03'),
(107, 11, 'c7', '2024-12-04'),
(108, 11, 'c8', '2024-12-05'),
(109, 11, 'c9', '2024-12-06'),
(110, 11, 'c10', '2024-12-07'),
(111, 12, 'c1', '2024-12-08'),
(112, 12, 'c2', '2024-12-09'),
(113, 12, 'c3', '2024-12-10'),
(114, 12, 'c4', '2024-12-11'),
(115, 12, 'c5', '2024-12-12'),
(116, 12, 'c6', '2024-12-13'),
(117, 12, 'c7', '2024-12-14'),
(118, 12, 'c8', '2024-12-15'),
(119, 12, 'c9', '2024-12-16'),
(120, 12, 'c10', '2024-12-17'),
(121, 13, 'c1', '2024-12-18'),
(122, 13, 'c2', '2024-12-19'),
(123, 13, 'c3', '2024-12-20'),
(124, 13, 'c4', '2024-12-21'),
(125, 13, 'c5', '2024-12-22'),
(126, 13, 'c6', '2024-12-23'),
(127, 13, 'c7', '2024-12-24'),
(128, 13, 'c8', '2024-12-25'),
(129, 13, 'c9', '2024-12-26'),
(130, 13, 'c10', '2024-12-27'),
(131, 14, 'c1', '2024-12-28'),
(132, 14, 'c2', '2024-12-29'),
(133, 14, 'c3', '2024-12-30'),
(134, 14, 'c4', '2024-12-31'),
(135, 14, 'c5', '2025-01-01'),
(136, 14, 'c6', '2025-01-02'),
(137, 14, 'c7', '2025-01-03'),
(138, 14, 'c8', '2025-01-04'),
(139, 14, 'c9', '2025-01-05'),
(140, 14, 'c10', '2025-01-06'),
(141, 15, 'c1', '2025-01-07'),
(142, 15, 'c2', '2025-01-08'),
(143, 15, 'c3', '2025-01-09'),
(144, 15, 'c4', '2025-01-10'),
(145, 15, 'c5', '2025-01-11'),
(146, 15, 'c6', '2025-01-12'),
(147, 15, 'c7', '2025-01-13'),
(148, 15, 'c8', '2025-01-14'),
(149, 15, 'c9', '2025-01-15'),
(150, 15, 'c10', '2025-01-16'),
(151, 16, 'c1', '2025-01-17'),
(152, 16, 'c2', '2025-01-18'),
(153, 16, 'c3', '2025-01-19'),
(154, 16, 'c4', '2025-01-20'),
(155, 16, 'c5', '2025-01-21'),
(156, 16, 'c6', '2025-01-22'),
(157, 16, 'c7', '2025-01-23'),
(158, 16, 'c8', '2025-01-24'),
(159, 16, 'c9', '2025-01-25'),
(160, 16, 'c10', '2025-01-26'),
(161, 17, 'c1', '2025-01-27'),
(162, 17, 'c2', '2025-01-28'),
(163, 17, 'c3', '2025-01-29'),
(164, 17, 'c4', '2025-01-30'),
(165, 17, 'c5', '2025-01-31'),
(166, 17, 'c6', '2025-02-01'),
(167, 17, 'c7', '2025-02-02'),
(168, 17, 'c8', '2025-02-03'),
(169, 17, 'c9', '2025-02-04'),
(170, 17, 'c10', '2025-02-05'),
(171, 18, 'c1', '2025-02-06'),
(172, 18, 'c2', '2025-02-07'),
(173, 18, 'c3', '2025-02-08'),
(174, 18, 'c4', '2025-02-09'),
(175, 18, 'c5', '2025-02-10'),
(176, 18, 'c6', '2025-02-11'),
(177, 18, 'c7', '2025-02-12'),
(178, 18, 'c8', '2025-02-13'),
(179, 18, 'c9', '2025-02-14'),
(180, 18, 'c10', '2025-02-15'),
(181, 19, 'c1', '2025-02-16'),
(182, 19, 'c2', '2025-02-17'),
(183, 19, 'c3', '2025-02-18'),
(184, 19, 'c4', '2025-02-19'),
(185, 19, 'c5', '2025-02-20'),
(186, 19, 'c6', '2025-02-21'),
(187, 19, 'c7', '2025-02-22'),
(188, 19, 'c8', '2025-02-23'),
(189, 19, 'c9', '2025-02-24'),
(190, 19, 'c10', '2025-02-25'),
(191, 20, 'c1', '2025-02-26'),
(192, 20, 'c2', '2025-02-27'),
(193, 20, 'c3', '2025-02-28'),
(194, 20, 'c4', '2025-03-01'),
(195, 20, 'c5', '2025-03-02'),
(196, 20, 'c6', '2025-03-03'),
(197, 20, 'c7', '2025-03-04'),
(198, 20, 'c8', '2025-03-05'),
(199, 20, 'c9', '2025-03-06'),
(200, 20, 'c10', '2025-03-07'),
(201, 21, 'c1', '2025-03-08'),
(202, 21, 'c2', '2025-03-09'),
(203, 21, 'c3', '2025-03-10'),
(204, 21, 'c4', '2025-03-11'),
(205, 21, 'c5', '2025-03-12'),
(206, 21, 'c6', '2025-03-13'),
(207, 21, 'c7', '2025-03-14'),
(208, 21, 'c8', '2025-03-15'),
(209, 21, 'c9', '2025-03-16'),
(210, 21, 'c10', '2025-03-17'),
(211, 22, 'c1', '2025-03-18'),
(212, 22, 'c2', '2025-03-19'),
(213, 22, 'c3', '2025-03-20'),
(214, 22, 'c4', '2025-03-21'),
(215, 22, 'c5', '2025-03-22'),
(216, 22, 'c6', '2025-03-23'),
(217, 22, 'c7', '2025-03-24'),
(218, 22, 'c8', '2025-03-25'),
(219, 22, 'c9', '2025-03-26'),
(220, 22, 'c10', '2025-03-27'),
(221, 23, 'c1', '2025-03-28'),
(222, 23, 'c2', '2025-03-29'),
(223, 23, 'c3', '2025-03-30'),
(224, 23, 'c4', '2025-03-31'),
(225, 23, 'c5', '2025-04-01'),
(226, 23, 'c6', '2025-04-02'),
(227, 23, 'c7', '2025-04-03'),
(228, 23, 'c8', '2025-04-04'),
(229, 23, 'c9', '2025-04-05'),
(230, 23, 'c10', '2025-04-06'),
(231, 24, 'c1', '2025-04-07'),
(232, 24, 'c2', '2025-04-08'),
(233, 24, 'c3', '2025-04-09'),
(234, 24, 'c4', '2025-04-10'),
(235, 24, 'c5', '2025-04-11'),
(236, 24, 'c6', '2025-04-12'),
(237, 24, 'c7', '2025-04-13'),
(238, 24, 'c8', '2025-04-14'),
(239, 24, 'c9', '2025-04-15'),
(240, 24, 'c10', '2025-04-16'),
(241, 25, 'c1', '2025-04-17'),
(242, 25, 'c2', '2025-04-18'),
(243, 25, 'c3', '2025-04-19'),
(244, 25, 'c4', '2025-04-20'),
(245, 25, 'c5', '2025-04-21'),
(246, 25, 'c6', '2025-04-22'),
(247, 25, 'c7', '2025-04-23'),
(248, 25, 'c8', '2025-04-24'),
(249, 25, 'c9', '2025-04-25'),
(250, 25, 'c10', '2025-04-26'),
(251, 26, 'c1', '2025-04-27'),
(252, 26, 'c2', '2025-04-28'),
(253, 26, 'c3', '2025-04-29'),
(254, 26, 'c4', '2025-04-30'),
(255, 26, 'c5', '2025-05-01'),
(256, 26, 'c6', '2025-05-02'),
(257, 26, 'c7', '2025-05-03'),
(258, 26, 'c8', '2025-05-04'),
(259, 26, 'c9', '2025-05-05'),
(260, 26, 'c10', '2025-05-06'),
(261, 27, 'c1', '2025-05-07'),
(262, 27, 'c2', '2025-05-08'),
(263, 27, 'c3', '2025-05-09'),
(264, 27, 'c4', '2025-05-10'),
(265, 27, 'c5', '2025-05-11'),
(266, 27, 'c6', '2025-05-12'),
(267, 27, 'c7', '2025-05-13'),
(268, 27, 'c8', '2025-05-14'),
(269, 27, 'c9', '2025-05-15'),
(270, 27, 'c10', '2025-05-16'),
(271, 28, 'c1', '2025-05-17'),
(272, 28, 'c2', '2025-05-18'),
(273, 28, 'c3', '2025-05-19'),
(274, 28, 'c4', '2025-05-20'),
(275, 28, 'c5', '2025-05-21'),
(276, 28, 'c6', '2025-05-22'),
(277, 28, 'c7', '2025-05-23'),
(278, 28, 'c8', '2025-05-24'),
(279, 28, 'c9', '2025-05-25'),
(280, 28, 'c10', '2025-05-26'),
(281, 29, 'c1', '2025-05-27'),
(282, 29, 'c2', '2025-05-28'),
(283, 29, 'c3', '2025-05-29'),
(284, 29, 'c4', '2025-05-30'),
(285, 29, 'c5', '2025-05-31'),
(286, 29, 'c6', '2025-06-01'),
(287, 29, 'c7', '2025-06-02'),
(288, 29, 'c8', '2025-06-03'),
(289, 29, 'c9', '2025-06-04'),
(290, 29, 'c10', '2025-06-05'),
(291, 30, 'c1', '2025-06-06'),
(292, 30, 'c2', '2025-06-07'),
(293, 30, 'c3', '2025-06-08'),
(294, 30, 'c4', '2025-06-09'),
(295, 30, 'c5', '2025-06-10'),
(296, 30, 'c6', '2025-06-11'),
(297, 30, 'c7', '2025-06-12'),
(298, 30, 'c8', '2025-06-13'),
(299, 30, 'c9', '2025-06-14'),
(300, 30, 'c10', '2025-06-15'),
(301, 31, 'c1', '2025-06-16'),
(302, 31, 'c2', '2025-06-17'),
(303, 31, 'c3', '2025-06-18'),
(304, 31, 'c4', '2025-06-19'),
(305, 31, 'c5', '2025-06-20'),
(306, 31, 'c6', '2025-06-21'),
(307, 31, 'c7', '2025-06-22'),
(308, 31, 'c8', '2025-06-23'),
(309, 31, 'c9', '2025-06-24'),
(310, 31, 'c10', '2025-06-25'),
(311, 32, 'c1', '2025-06-26'),
(312, 32, 'c2', '2025-06-27'),
(313, 32, 'c3', '2025-06-28'),
(314, 32, 'c4', '2025-06-29'),
(315, 32, 'c5', '2025-06-30'),
(316, 32, 'c6', '2025-07-01'),
(317, 32, 'c7', '2025-07-02'),
(318, 32, 'c8', '2025-07-03'),
(319, 32, 'c9', '2025-07-04'),
(320, 32, 'c10', '2025-07-05'),
(321, 33, 'c1', '2025-07-06'),
(322, 33, 'c2', '2025-07-07'),
(323, 33, 'c3', '2025-07-08'),
(324, 33, 'c4', '2025-07-09'),
(325, 33, 'c5', '2025-07-10'),
(326, 33, 'c6', '2025-07-11'),
(327, 33, 'c7', '2025-07-12'),
(328, 33, 'c8', '2025-07-13'),
(329, 33, 'c9', '2025-07-14'),
(330, 33, 'c10', '2025-07-15'),
(331, 34, 'c1', '2025-07-16'),
(332, 34, 'c2', '2025-07-17'),
(333, 34, 'c3', '2025-07-18'),
(334, 34, 'c4', '2025-07-19'),
(335, 34, 'c5', '2025-07-20'),
(336, 34, 'c6', '2025-07-21'),
(337, 34, 'c7', '2025-07-22'),
(338, 34, 'c8', '2025-07-23'),
(339, 34, 'c9', '2025-07-24'),
(340, 34, 'c10', '2025-07-25'),
(341, 35, 'c1', '2025-07-26'),
(342, 35, 'c2', '2025-07-27'),
(343, 35, 'c3', '2025-07-28'),
(344, 35, 'c4', '2025-07-29'),
(345, 35, 'c5', '2025-07-30'),
(346, 35, 'c6', '2025-07-31'),
(347, 35, 'c7', '2025-08-01'),
(348, 35, 'c8', '2025-08-02'),
(349, 35, 'c9', '2025-08-03'),
(350, 35, 'c10', '2025-08-04'),
(351, 36, 'c1', '2025-08-05'),
(352, 36, 'c2', '2025-08-06'),
(353, 36, 'c3', '2025-08-07'),
(354, 36, 'c4', '2025-08-08'),
(355, 36, 'c5', '2025-08-09'),
(356, 36, 'c6', '2025-08-10'),
(357, 36, 'c7', '2025-08-11'),
(358, 36, 'c8', '2025-08-12'),
(359, 36, 'c9', '2025-08-13'),
(360, 36, 'c10', '2025-08-14'),
(361, 37, 'c1', '2025-08-15'),
(362, 37, 'c2', '2025-08-16'),
(363, 37, 'c3', '2025-08-17'),
(364, 37, 'c4', '2025-08-18'),
(365, 37, 'c5', '2025-08-19'),
(366, 37, 'c6', '2025-08-20'),
(367, 37, 'c7', '2025-08-21'),
(368, 37, 'c8', '2025-08-22'),
(369, 37, 'c9', '2025-08-23'),
(370, 37, 'c10', '2025-08-24'),
(371, 38, 'c1', '2025-08-25'),
(372, 38, 'c2', '2025-08-26'),
(373, 38, 'c3', '2025-08-27'),
(374, 38, 'c4', '2025-08-28'),
(375, 38, 'c5', '2025-08-29'),
(376, 38, 'c6', '2025-08-30'),
(377, 38, 'c7', '2025-08-31'),
(378, 38, 'c8', '2025-09-01'),
(379, 38, 'c9', '2025-09-02'),
(380, 38, 'c10', '2025-09-03'),
(381, 39, 'c1', '2025-09-04'),
(382, 39, 'c2', '2025-09-05'),
(383, 39, 'c3', '2025-09-06'),
(384, 39, 'c4', '2025-09-07'),
(385, 39, 'c5', '2025-09-08'),
(386, 39, 'c6', '2025-09-09'),
(387, 39, 'c7', '2025-09-10'),
(388, 39, 'c8', '2025-09-11'),
(389, 39, 'c9', '2025-09-12'),
(390, 39, 'c10', '2025-09-13'),
(391, 40, 'c1', '2025-09-14'),
(392, 40, 'c2', '2025-09-15'),
(393, 40, 'c3', '2025-09-16'),
(394, 40, 'c4', '2025-09-17'),
(395, 40, 'c5', '2025-09-18'),
(396, 40, 'c6', '2025-09-19'),
(397, 40, 'c7', '2025-09-20'),
(398, 40, 'c8', '2025-09-21'),
(399, 40, 'c9', '2025-09-22'),
(400, 40, 'c10', '2025-09-23'),
(401, 41, 'c1', '2025-09-24'),
(402, 41, 'c2', '2025-09-25'),
(403, 41, 'c3', '2025-09-26'),
(404, 41, 'c4', '2025-09-27'),
(405, 41, 'c5', '2025-09-28'),
(406, 41, 'c6', '2025-09-29'),
(407, 41, 'c7', '2025-09-30'),
(408, 41, 'c8', '2025-10-01'),
(409, 41, 'c9', '2025-10-02'),
(410, 41, 'c10', '2025-10-03'),
(411, 42, 'c1', '2025-10-04'),
(412, 42, 'c2', '2025-10-05'),
(413, 42, 'c3', '2025-10-06'),
(414, 42, 'c4', '2025-10-07'),
(415, 42, 'c5', '2025-10-08'),
(416, 42, 'c6', '2025-10-09'),
(417, 42, 'c7', '2025-10-10'),
(418, 42, 'c8', '2025-10-11'),
(419, 42, 'c9', '2025-10-12'),
(420, 42, 'c10', '2025-10-13');
(421, 43, 'c1', '2025-10-14'),
(422, 43, 'c2', '2025-10-15'),
(423, 43, 'c3', '2025-10-16'),
(424, 43, 'c4', '2025-10-17'),
(425, 43, 'c5', '2025-10-18'),
(426, 43, 'c6', '2025-10-19'),
(427, 43, 'c7', '2025-10-20'),
(428, 43, 'c8', '2025-10-21'),
(429, 43, 'c9', '2025-10-22'),
(430, 43, 'c10', '2025-10-23'),
(431, 44, 'c1', '2025-10-24'),
(432, 44, 'c2', '2025-10-25'),
(433, 44, 'c3', '2025-10-26'),
(434, 44, 'c4', '2025-10-27'),
(435, 44, 'c5', '2025-10-28'),
(436, 44, 'c6', '2025-10-29'),
(437, 44, 'c7', '2025-10-30'),
(438, 44, 'c8', '2025-10-31'),
(439, 44, 'c9', '2025-11-01'),
(440, 44, 'c10', '2025-11-02'),
(441, 45, 'c1', '2025-11-03'),
(442, 45, 'c2', '2025-11-04'),
(443, 45, 'c3', '2025-11-05'),
(444, 45, 'c4', '2025-11-06'),
(445, 45, 'c5', '2025-11-07'),
(446, 45, 'c6', '2025-11-08'),
(447, 45, 'c7', '2025-11-09'),
(448, 45, 'c8', '2025-11-10'),
(449, 45, 'c9', '2025-11-11'),
(450, 45, 'c10', '2025-11-12'),
(451, 46, 'c1', '2025-11-13'),
(452, 46, 'c2', '2025-11-14'),
(453, 46, 'c3', '2025-11-15'),
(454, 46, 'c4', '2025-11-16'),
(455, 46, 'c5', '2025-11-17'),
(456, 46, 'c6', '2025-11-18'),
(457, 46, 'c7', '2025-11-19'),
(458, 46, 'c8', '2025-11-20'),
(459, 46, 'c9', '2025-11-21'),
(460, 46, 'c10', '2025-11-22'),
(461, 47, 'c1', '2025-11-23'),
(462, 47, 'c2', '2025-11-24'),
(463, 47, 'c3', '2025-11-25'),
(464, 47, 'c4', '2025-11-26'),
(465, 47, 'c5', '2025-11-27'),
(466, 47, 'c6', '2025-11-28'),
(467, 47, 'c7', '2025-11-29'),
(468, 47, 'c8', '2025-11-30'),
(469, 47, 'c9', '2025-12-01'),
(470, 47, 'c10', '2025-12-02'),
(471, 48, 'c1', '2025-12-03'),
(472, 48, 'c2', '2025-12-04'),
(473, 48, 'c3', '2025-12-05'),
(474, 48, 'c4', '2025-12-06'),
(475, 48, 'c5', '2025-12-07'),
(476, 48, 'c6', '2025-12-08'),
(477, 48, 'c7', '2025-12-09'),
(478, 48, 'c8', '2025-12-10'),
(479, 48, 'c9', '2025-12-11'),
(480, 48, 'c10', '2025-12-12'),
(481, 49, 'c1', '2025-12-13'),
(482, 49, 'c2', '2025-12-14'),
(483, 49, 'c3', '2025-12-15'),
(484, 49, 'c4', '2025-12-16'),
(485, 49, 'c5', '2025-12-17'),
(486, 49, 'c6', '2025-12-18'),
(487, 49, 'c7', '2025-12-19'),
(488, 49, 'c8', '2025-12-20'),
(489, 49, 'c9', '2025-12-21'),
(490, 49, 'c10', '2025-12-22'),
(491, 50, 'c1', '2025-12-23'),
(492, 50, 'c2', '2025-12-24'),
(493, 50, 'c3', '2025-12-25'),
(494, 50, 'c4', '2025-12-26'),
(495, 50, 'c5', '2025-12-27'),
(496, 50, 'c6', '2025-12-28'),
(497, 50, 'c7', '2025-12-29'),
(498, 50, 'c8', '2025-12-30'),
(499, 50, 'c9', '2025-12-31'),
(500, 50, 'c10', '2026-01-01');